<?xml version="1.0" encoding="UTF-8"?>
<project-private xmlns="http://www.netbeans.org/ns/project-private/1">
    <editor-bookmarks xmlns="http://www.netbeans.org/ns/editor-bookmarks/2" lastBookmarkId="0"/>
    <open-files xmlns="http://www.netbeans.org/ns/projectui-open-files/2">
        <group>
            <file>file:/T:/15.00588-7/Linguagens1_Projetos/Atividade3/Atividade3/src/br/com/igorerodrigo/atividade3/Atividade3.java</file>
            <file>file:/T:/15.00588-7/Linguagens1_Projetos/Atividade3/Atividade3/src/br/com/igorerodrigo/atividade3/Loja.java</file>
            <file>file:/T:/15.00588-7/Linguagens1_Projetos/Atividade3/Atividade3/src/br/com/igorerodrigo/atividade3/ConnectionFactory.java</file>
            <file>file:/T:/15.00588-7/Linguagens1_Projetos/Atividade3/Atividade3/src/br/com/igorerodrigo/atividade3/Tinta.java</file>
            <file>file:/T:/15.00588-7/Linguagens1_Projetos/Atividade3/Atividade3/src/br/com/igorerodrigo/atividade3/Produto.java</file>
            <file>file:/T:/15.00588-7/Linguagens1_Projetos/Atividade3/Atividade3/src/br/com/igorerodrigo/atividade3/Ferramenta.java</file>
        </group>
    </open-files>
</project-private>
